﻿{"maxSpeed":700,"maxTorque":600000,"torque":400000,"handlingPct":0,"bodyDensity":1,"weapon":0,"boostValue":0,"bodyMassType":1,"health":0,"wheelFrictionPct":0,"bodyW":96,"wheelRadiusValue":0,"bodyH":24,"engineCount":3,"handlingCount":3,"boostCount":3,"wheelBackDensity":1,"wheelBackFriction":6,"wheelFrontDensity":3,"wheelFrontFriction":5,"wheelsCount":3,"baseHealth":2700,"healthCount":3,"healthValue":900,"wheelBackR":19,"wheelFrontR":19,"wheelBackDx":34,"wheelFrontDx":45,"axisBackY":13,"driverDensity":1,"axisFrontY":13,"wd":0,"axisBackLen":14,"driverW":32,"flipTorque":200000,"axisFrontLen":14,"driverH":32,"maxFlipSpeed":0.2,"damperBackY":12,"boostForce":0,"damperFrontY":12,"damperBackLen":12,"damperFrontLen":12,"driverDy":-16,"skinId":1,"damperBackFreq":5,"maxSpeedPct":2,"damperFrontFreq":5,"torquePct":5,"damperBackDamp":0,"damperFrontDamp":0,"driverDx":45,"axisBackAngle":1.5707963267948966,"axisFrontAngle":1.0995574287564276,"wheels":0}