﻿{"frames": {

"Ball98E0000":
{
	"frame": {"x":308,"y":1422,"w":98,"h":98},
	"rotated": false,
	"trimmed": false,
	"spriteSourceSize": {"x":0,"y":0,"w":98,"h":98},
	"sourceSize": {"w":98,"h":98}
},
"BarrelE0000":
{
	"frame": {"x":966,"y":1459,"w":54,"h":54},
	"rotated": false,
	"trimmed": false,
	"spriteSourceSize": {"x":0,"y":0,"w":54,"h":54},
	"sourceSize": {"w":54,"h":54}
},
"Bg0_00000":
{
	"frame": {"x":2,"y":516,"w":427,"h":160},
	"rotated": false,
	"trimmed": false,
	"spriteSourceSize": {"x":0,"y":0,"w":427,"h":160},
	"sourceSize": {"w":427,"h":160}
},
"Bg2_00000":
{
	"frame": {"x":1598,"y":1224,"w":360,"h":105},
	"rotated": false,
	"trimmed": false,
	"spriteSourceSize": {"x":0,"y":0,"w":360,"h":105},
	"sourceSize": {"w":360,"h":105}
},
"CarExplode0000":
{
	"frame": {"x":1808,"y":447,"w":226,"h":257},
	"rotated": false,
	"trimmed": false,
	"spriteSourceSize": {"x":0,"y":0,"w":226,"h":257},
	"sourceSize": {"w":226,"h":257}
},
"CarExplode0001":
{
	"frame": {"x":689,"y":516,"w":226,"h":257},
	"rotated": false,
	"trimmed": false,
	"spriteSourceSize": {"x":0,"y":0,"w":226,"h":257},
	"sourceSize": {"w":226,"h":257}
},
"CarExplode0002":
{
	"frame": {"x":917,"y":516,"w":226,"h":257},
	"rotated": false,
	"trimmed": false,
	"spriteSourceSize": {"x":0,"y":0,"w":226,"h":257},
	"sourceSize": {"w":226,"h":257}
},
"CarExplode0003":
{
	"frame": {"x":1145,"y":516,"w":226,"h":257},
	"rotated": false,
	"trimmed": false,
	"spriteSourceSize": {"x":0,"y":0,"w":226,"h":257},
	"sourceSize": {"w":226,"h":257}
},
"CarExplode0004":
{
	"frame": {"x":2,"y":678,"w":226,"h":257},
	"rotated": false,
	"trimmed": false,
	"spriteSourceSize": {"x":0,"y":0,"w":226,"h":257},
	"sourceSize": {"w":226,"h":257}
},
"CarExplode0005":
{
	"frame": {"x":1808,"y":706,"w":226,"h":257},
	"rotated": false,
	"trimmed": false,
	"spriteSourceSize": {"x":0,"y":0,"w":226,"h":257},
	"sourceSize": {"w":226,"h":257}
},
"CarExplode0006":
{
	"frame": {"x":1373,"y":710,"w":226,"h":257},
	"rotated": false,
	"trimmed": false,
	"spriteSourceSize": {"x":0,"y":0,"w":226,"h":257},
	"sourceSize": {"w":226,"h":257}
},
"CarExplode0007":
{
	"frame": {"x":230,"y":774,"w":226,"h":257},
	"rotated": false,
	"trimmed": false,
	"spriteSourceSize": {"x":0,"y":0,"w":226,"h":257},
	"sourceSize": {"w":226,"h":257}
},
"CarExplode0008":
{
	"frame": {"x":458,"y":774,"w":226,"h":257},
	"rotated": false,
	"trimmed": false,
	"spriteSourceSize": {"x":0,"y":0,"w":226,"h":257},
	"sourceSize": {"w":226,"h":257}
},
"CarExplode0009":
{
	"frame": {"x":686,"y":775,"w":226,"h":257},
	"rotated": false,
	"trimmed": false,
	"spriteSourceSize": {"x":0,"y":0,"w":226,"h":257},
	"sourceSize": {"w":226,"h":257}
},
"CarExplode0010":
{
	"frame": {"x":914,"y":775,"w":226,"h":257},
	"rotated": false,
	"trimmed": false,
	"spriteSourceSize": {"x":0,"y":0,"w":226,"h":257},
	"sourceSize": {"w":226,"h":257}
},
"CarExplode0011":
{
	"frame": {"x":1142,"y":775,"w":226,"h":257},
	"rotated": false,
	"trimmed": false,
	"spriteSourceSize": {"x":0,"y":0,"w":226,"h":257},
	"sourceSize": {"w":226,"h":257}
},
"CarExplode0012":
{
	"frame": {"x":1142,"y":775,"w":226,"h":257},
	"rotated": false,
	"trimmed": false,
	"spriteSourceSize": {"x":0,"y":0,"w":226,"h":257},
	"sourceSize": {"w":226,"h":257}
},
"CarExplode0013":
{
	"frame": {"x":2,"y":937,"w":226,"h":257},
	"rotated": false,
	"trimmed": false,
	"spriteSourceSize": {"x":0,"y":0,"w":226,"h":257},
	"sourceSize": {"w":226,"h":257}
},
"CarExplode0014":
{
	"frame": {"x":2,"y":937,"w":226,"h":257},
	"rotated": false,
	"trimmed": false,
	"spriteSourceSize": {"x":0,"y":0,"w":226,"h":257},
	"sourceSize": {"w":226,"h":257}
},
"CarExplode0015":
{
	"frame": {"x":1601,"y":965,"w":226,"h":257},
	"rotated": false,
	"trimmed": false,
	"spriteSourceSize": {"x":0,"y":0,"w":226,"h":257},
	"sourceSize": {"w":226,"h":257}
},
"CarExplode0016":
{
	"frame": {"x":1601,"y":965,"w":226,"h":257},
	"rotated": false,
	"trimmed": false,
	"spriteSourceSize": {"x":0,"y":0,"w":226,"h":257},
	"sourceSize": {"w":226,"h":257}
},
"CarExplode0017":
{
	"frame": {"x":1370,"y":969,"w":226,"h":257},
	"rotated": false,
	"trimmed": false,
	"spriteSourceSize": {"x":0,"y":0,"w":226,"h":257},
	"sourceSize": {"w":226,"h":257}
},
"CarExplode0018":
{
	"frame": {"x":1370,"y":969,"w":226,"h":257},
	"rotated": false,
	"trimmed": false,
	"spriteSourceSize": {"x":0,"y":0,"w":226,"h":257},
	"sourceSize": {"w":226,"h":257}
},
"CarExplode0019":
{
	"frame": {"x":230,"y":1033,"w":226,"h":257},
	"rotated": false,
	"trimmed": false,
	"spriteSourceSize": {"x":0,"y":0,"w":226,"h":257},
	"sourceSize": {"w":226,"h":257}
},
"CarExplode0020":
{
	"frame": {"x":230,"y":1033,"w":226,"h":257},
	"rotated": false,
	"trimmed": false,
	"spriteSourceSize": {"x":0,"y":0,"w":226,"h":257},
	"sourceSize": {"w":226,"h":257}
},
"CarExplode0021":
{
	"frame": {"x":458,"y":1033,"w":226,"h":257},
	"rotated": false,
	"trimmed": false,
	"spriteSourceSize": {"x":0,"y":0,"w":226,"h":257},
	"sourceSize": {"w":226,"h":257}
},
"CarExplode0022":
{
	"frame": {"x":458,"y":1033,"w":226,"h":257},
	"rotated": false,
	"trimmed": false,
	"spriteSourceSize": {"x":0,"y":0,"w":226,"h":257},
	"sourceSize": {"w":226,"h":257}
},
"CarExplode0023":
{
	"frame": {"x":686,"y":1034,"w":226,"h":257},
	"rotated": false,
	"trimmed": false,
	"spriteSourceSize": {"x":0,"y":0,"w":226,"h":257},
	"sourceSize": {"w":226,"h":257}
},
"CarExplode0024":
{
	"frame": {"x":686,"y":1034,"w":226,"h":257},
	"rotated": false,
	"trimmed": false,
	"spriteSourceSize": {"x":0,"y":0,"w":226,"h":257},
	"sourceSize": {"w":226,"h":257}
},
"CarExplode0025":
{
	"frame": {"x":914,"y":1034,"w":226,"h":257},
	"rotated": false,
	"trimmed": false,
	"spriteSourceSize": {"x":0,"y":0,"w":226,"h":257},
	"sourceSize": {"w":226,"h":257}
},
"CarExplode0026":
{
	"frame": {"x":914,"y":1034,"w":226,"h":257},
	"rotated": false,
	"trimmed": false,
	"spriteSourceSize": {"x":0,"y":0,"w":226,"h":257},
	"sourceSize": {"w":226,"h":257}
},
"Dec130000":
{
	"frame": {"x":2,"y":1196,"w":172,"h":214},
	"rotated": false,
	"trimmed": false,
	"spriteSourceSize": {"x":0,"y":0,"w":172,"h":214},
	"sourceSize": {"w":172,"h":214}
},
"Dec140000":
{
	"frame": {"x":1829,"y":965,"w":167,"h":246},
	"rotated": false,
	"trimmed": false,
	"spriteSourceSize": {"x":0,"y":0,"w":167,"h":246},
	"sourceSize": {"w":167,"h":246}
},
"Dec150000":
{
	"frame": {"x":1824,"y":168,"w":198,"h":236},
	"rotated": false,
	"trimmed": false,
	"spriteSourceSize": {"x":0,"y":0,"w":198,"h":236},
	"sourceSize": {"w":198,"h":236}
},
"Dec160000":
{
	"frame": {"x":1601,"y":710,"w":177,"h":243},
	"rotated": false,
	"trimmed": false,
	"spriteSourceSize": {"x":0,"y":0,"w":177,"h":243},
	"sourceSize": {"w":177,"h":243}
},
"Dec360000":
{
	"frame": {"x":1998,"y":965,"w":42,"h":245},
	"rotated": false,
	"trimmed": false,
	"spriteSourceSize": {"x":0,"y":0,"w":42,"h":245},
	"sourceSize": {"w":42,"h":245}
},
"Dec370000":
{
	"frame": {"x":1343,"y":1228,"w":101,"h":283},
	"rotated": false,
	"trimmed": false,
	"spriteSourceSize": {"x":0,"y":0,"w":101,"h":283},
	"sourceSize": {"w":101,"h":283}
},
"Dec380000":
{
	"frame": {"x":1584,"y":1497,"w":32,"h":25},
	"rotated": false,
	"trimmed": false,
	"spriteSourceSize": {"x":0,"y":0,"w":32,"h":25},
	"sourceSize": {"w":32,"h":25}
},
"Dec400000":
{
	"frame": {"x":818,"y":1459,"w":86,"h":60},
	"rotated": false,
	"trimmed": false,
	"spriteSourceSize": {"x":0,"y":0,"w":86,"h":60},
	"sourceSize": {"w":86,"h":60}
},
"Dec410000":
{
	"frame": {"x":1446,"y":1228,"w":71,"h":303},
	"rotated": false,
	"trimmed": false,
	"spriteSourceSize": {"x":0,"y":0,"w":71,"h":303},
	"sourceSize": {"w":71,"h":303}
},
"Dec420000":
{
	"frame": {"x":1960,"y":1213,"w":71,"h":304},
	"rotated": false,
	"trimmed": false,
	"spriteSourceSize": {"x":0,"y":0,"w":71,"h":304},
	"sourceSize": {"w":71,"h":304}
},
"Dec500000":
{
	"frame": {"x":1620,"y":1331,"w":99,"h":164},
	"rotated": false,
	"trimmed": false,
	"spriteSourceSize": {"x":0,"y":0,"w":99,"h":164},
	"sourceSize": {"w":99,"h":164}
},
"Dec510000":
{
	"frame": {"x":1275,"y":1233,"w":59,"h":164},
	"rotated": false,
	"trimmed": false,
	"spriteSourceSize": {"x":0,"y":0,"w":59,"h":164},
	"sourceSize": {"w":59,"h":164}
},
"Dec520000":
{
	"frame": {"x":566,"y":1292,"w":99,"h":164},
	"rotated": false,
	"trimmed": false,
	"spriteSourceSize": {"x":0,"y":0,"w":99,"h":164},
	"sourceSize": {"w":99,"h":164}
},
"Dec530000":
{
	"frame": {"x":667,"y":1293,"w":99,"h":164},
	"rotated": false,
	"trimmed": false,
	"spriteSourceSize": {"x":0,"y":0,"w":99,"h":164},
	"sourceSize": {"w":99,"h":164}
},
"Dec540000":
{
	"frame": {"x":1373,"y":516,"w":115,"h":164},
	"rotated": false,
	"trimmed": false,
	"spriteSourceSize": {"x":0,"y":0,"w":115,"h":164},
	"sourceSize": {"w":115,"h":164}
},
"Dec550000":
{
	"frame": {"x":768,"y":1293,"w":99,"h":164},
	"rotated": false,
	"trimmed": false,
	"spriteSourceSize": {"x":0,"y":0,"w":99,"h":164},
	"sourceSize": {"w":99,"h":164}
},
"Dec560000":
{
	"frame": {"x":869,"y":1293,"w":99,"h":164},
	"rotated": false,
	"trimmed": false,
	"spriteSourceSize": {"x":0,"y":0,"w":99,"h":164},
	"sourceSize": {"w":99,"h":164}
},
"Dec570000":
{
	"frame": {"x":1721,"y":1331,"w":94,"h":164},
	"rotated": false,
	"trimmed": false,
	"spriteSourceSize": {"x":0,"y":0,"w":94,"h":164},
	"sourceSize": {"w":94,"h":164}
},
"Dec580000":
{
	"frame": {"x":970,"y":1293,"w":99,"h":164},
	"rotated": false,
	"trimmed": false,
	"spriteSourceSize": {"x":0,"y":0,"w":99,"h":164},
	"sourceSize": {"w":99,"h":164}
},
"Dec590000":
{
	"frame": {"x":1519,"y":1331,"w":99,"h":164},
	"rotated": false,
	"trimmed": false,
	"spriteSourceSize": {"x":0,"y":0,"w":99,"h":164},
	"sourceSize": {"w":99,"h":164}
},
"Dec600000":
{
	"frame": {"x":1544,"y":2,"w":500,"h":164},
	"rotated": false,
	"trimmed": false,
	"spriteSourceSize": {"x":0,"y":0,"w":500,"h":164},
	"sourceSize": {"w":500,"h":164}
},
"GeyserBase0000":
{
	"frame": {"x":1490,"y":516,"w":25,"h":128},
	"rotated": false,
	"trimmed": false,
	"spriteSourceSize": {"x":0,"y":0,"w":25,"h":128},
	"sourceSize": {"w":25,"h":128}
},
"GlassCrashed00000":
{
	"frame": {"x":1373,"y":682,"w":136,"h":22},
	"rotated": false,
	"trimmed": false,
	"spriteSourceSize": {"x":0,"y":0,"w":136,"h":22},
	"sourceSize": {"w":136,"h":22}
},
"GlassCrashed0_00000":
{
	"frame": {"x":1601,"y":955,"w":40,"h":6},
	"rotated": false,
	"trimmed": false,
	"spriteSourceSize": {"x":0,"y":0,"w":40,"h":6},
	"sourceSize": {"w":40,"h":6}
},
"GlassCrashed0_10000":
{
	"frame": {"x":1519,"y":1497,"w":63,"h":14},
	"rotated": false,
	"trimmed": false,
	"spriteSourceSize": {"x":0,"y":0,"w":63,"h":14},
	"sourceSize": {"w":63,"h":14}
},
"GlassCrashed0_20000":
{
	"frame": {"x":1618,"y":1497,"w":56,"h":14},
	"rotated": false,
	"trimmed": false,
	"spriteSourceSize": {"x":0,"y":0,"w":56,"h":14},
	"sourceSize": {"w":56,"h":14}
},
"GlassCrashed0_30000":
{
	"frame": {"x":1178,"y":1502,"w":34,"h":14},
	"rotated": false,
	"trimmed": false,
	"spriteSourceSize": {"x":0,"y":0,"w":34,"h":14},
	"sourceSize": {"w":34,"h":14}
},
"GlassCrashed0_40000":
{
	"frame": {"x":176,"y":1280,"w":36,"h":10},
	"rotated": false,
	"trimmed": false,
	"spriteSourceSize": {"x":0,"y":0,"w":36,"h":10},
	"sourceSize": {"w":36,"h":10}
},
"GlassCrashed0_50000":
{
	"frame": {"x":1676,"y":1497,"w":78,"h":10},
	"rotated": false,
	"trimmed": false,
	"spriteSourceSize": {"x":0,"y":0,"w":78,"h":10},
	"sourceSize": {"w":78,"h":10}
},
"GlassCrashed10000":
{
	"frame": {"x":1883,"y":1483,"w":70,"h":22},
	"rotated": false,
	"trimmed": false,
	"spriteSourceSize": {"x":0,"y":0,"w":70,"h":22},
	"sourceSize": {"w":70,"h":22}
},
"Motor00000":
{
	"frame": {"x":176,"y":1196,"w":48,"h":48},
	"rotated": false,
	"trimmed": false,
	"spriteSourceSize": {"x":0,"y":0,"w":48,"h":48},
	"sourceSize": {"w":48,"h":48}
},
"Motor10000":
{
	"frame": {"x":176,"y":1246,"w":32,"h":32},
	"rotated": false,
	"trimmed": false,
	"spriteSourceSize": {"x":0,"y":0,"w":32,"h":32},
	"sourceSize": {"w":32,"h":32}
},
"Pivot00000":
{
	"frame": {"x":411,"y":712,"w":16,"h":16},
	"rotated": false,
	"trimmed": false,
	"spriteSourceSize": {"x":0,"y":0,"w":16,"h":16},
	"sourceSize": {"w":16,"h":16}
},
"Plank00000":
{
	"frame": {"x":1519,"y":1305,"w":74,"h":21},
	"rotated": false,
	"trimmed": false,
	"spriteSourceSize": {"x":0,"y":0,"w":74,"h":21},
	"sourceSize": {"w":74,"h":21}
},
"PlankWipe00000":
{
	"frame": {"x":408,"y":1488,"w":86,"h":18},
	"rotated": false,
	"trimmed": false,
	"spriteSourceSize": {"x":0,"y":0,"w":86,"h":18},
	"sourceSize": {"w":86,"h":18}
},
"Removed00000":
{
	"frame": {"x":2024,"y":256,"w":18,"h":75},
	"rotated": false,
	"trimmed": false,
	"spriteSourceSize": {"x":0,"y":0,"w":18,"h":75},
	"sourceSize": {"w":18,"h":75}
},
"Removed10000":
{
	"frame": {"x":1524,"y":630,"w":18,"h":51},
	"rotated": false,
	"trimmed": false,
	"spriteSourceSize": {"x":0,"y":0,"w":18,"h":51},
	"sourceSize": {"w":18,"h":51}
},
"RemovedBlue0000":
{
	"frame": {"x":2024,"y":168,"w":18,"h":86},
	"rotated": false,
	"trimmed": false,
	"spriteSourceSize": {"x":0,"y":0,"w":18,"h":86},
	"sourceSize": {"w":18,"h":86}
},
"RoadLine0_40000":
{
	"frame": {"x":1490,"y":646,"w":32,"h":32},
	"rotated": false,
	"trimmed": false,
	"spriteSourceSize": {"x":0,"y":0,"w":32,"h":32},
	"sourceSize": {"w":32,"h":32}
},
"RoadLine0_80000":
{
	"frame": {"x":1780,"y":950,"w":20,"h":7},
	"rotated": false,
	"trimmed": false,
	"spriteSourceSize": {"x":0,"y":0,"w":20,"h":7},
	"sourceSize": {"w":20,"h":7}
},
"RoadLine0_Bg0000":
{
	"frame": {"x":1923,"y":1331,"w":30,"h":64},
	"rotated": false,
	"trimmed": false,
	"spriteSourceSize": {"x":0,"y":0,"w":30,"h":64},
	"sourceSize": {"w":30,"h":64}
},
"RoadPillar0_00000":
{
	"frame": {"x":1178,"y":1488,"w":128,"h":12},
	"rotated": false,
	"trimmed": false,
	"spriteSourceSize": {"x":0,"y":0,"w":128,"h":12},
	"sourceSize": {"w":128,"h":12}
},
"RoadTile0_10000":
{
	"frame": {"x":176,"y":1292,"w":128,"h":128},
	"rotated": false,
	"trimmed": false,
	"spriteSourceSize": {"x":0,"y":0,"w":128,"h":128},
	"sourceSize": {"w":128,"h":128}
},
"SafePointAnim0000":
{
	"frame": {"x":334,"y":678,"w":75,"h":75},
	"rotated": false,
	"trimmed": false,
	"spriteSourceSize": {"x":0,"y":0,"w":75,"h":75},
	"sourceSize": {"w":75,"h":75}
},
"SafePointAnim0001":
{
	"frame": {"x":1519,"y":1228,"w":75,"h":75},
	"rotated": false,
	"trimmed": false,
	"spriteSourceSize": {"x":0,"y":0,"w":75,"h":75},
	"sourceSize": {"w":75,"h":75}
},
"Sign10000":
{
	"frame": {"x":538,"y":1458,"w":74,"h":74},
	"rotated": false,
	"trimmed": false,
	"spriteSourceSize": {"x":0,"y":0,"w":74,"h":74},
	"sourceSize": {"w":74,"h":74}
},
"Sign150000":
{
	"frame": {"x":1824,"y":406,"w":112,"h":36},
	"rotated": false,
	"trimmed": false,
	"spriteSourceSize": {"x":0,"y":0,"w":112,"h":36},
	"sourceSize": {"w":112,"h":36}
},
"Sign20000":
{
	"frame": {"x":744,"y":1459,"w":72,"h":72},
	"rotated": false,
	"trimmed": false,
	"spriteSourceSize": {"x":0,"y":0,"w":72,"h":72},
	"sourceSize": {"w":72,"h":72}
},
"Sign210000":
{
	"frame": {"x":230,"y":678,"w":102,"h":91},
	"rotated": false,
	"trimmed": false,
	"spriteSourceSize": {"x":0,"y":0,"w":102,"h":91},
	"sourceSize": {"w":102,"h":91}
},
"SignPillar0000":
{
	"frame": {"x":2036,"y":447,"w":10,"h":130},
	"rotated": false,
	"trimmed": false,
	"spriteSourceSize": {"x":0,"y":0,"w":10,"h":130},
	"sourceSize": {"w":10,"h":130}
},
"SphereE0000":
{
	"frame": {"x":1544,"y":168,"w":278,"h":277},
	"rotated": false,
	"trimmed": false,
	"spriteSourceSize": {"x":0,"y":0,"w":278,"h":277},
	"sourceSize": {"w":278,"h":277}
},
"SpikeBall137E0000":
{
	"frame": {"x":1142,"y":1034,"w":199,"h":197},
	"rotated": false,
	"trimmed": false,
	"spriteSourceSize": {"x":0,"y":0,"w":199,"h":197},
	"sourceSize": {"w":199,"h":197}
},
"SpikeBall200E0000":
{
	"frame": {"x":1544,"y":447,"w":262,"h":261},
	"rotated": false,
	"trimmed": false,
	"spriteSourceSize": {"x":0,"y":0,"w":262,"h":261},
	"sourceSize": {"w":262,"h":261}
},
"SpikeBall52E0000":
{
	"frame": {"x":1817,"y":1331,"w":104,"h":104},
	"rotated": false,
	"trimmed": false,
	"spriteSourceSize": {"x":0,"y":0,"w":104,"h":104},
	"sourceSize": {"w":104,"h":104}
},
"Tnt10000":
{
	"frame": {"x":906,"y":1459,"w":58,"h":58},
	"rotated": false,
	"trimmed": false,
	"spriteSourceSize": {"x":0,"y":0,"w":58,"h":58},
	"sourceSize": {"w":58,"h":58}
},
"UnLine00000":
{
	"frame": {"x":1817,"y":1483,"w":64,"h":32},
	"rotated": false,
	"trimmed": false,
	"spriteSourceSize": {"x":0,"y":0,"w":64,"h":32},
	"sourceSize": {"w":64,"h":32}
},
"bg0000":
{
	"frame": {"x":1531,"y":516,"w":11,"h":11},
	"rotated": false,
	"trimmed": false,
	"spriteSourceSize": {"x":0,"y":0,"w":11,"h":11},
	"sourceSize": {"w":11,"h":11}
},
"boost_anim0000":
{
	"frame": {"x":1071,"y":1363,"w":100,"h":101},
	"rotated": false,
	"trimmed": false,
	"spriteSourceSize": {"x":0,"y":0,"w":100,"h":101},
	"sourceSize": {"w":100,"h":101}
},
"boost_anim0001":
{
	"frame": {"x":1071,"y":1363,"w":100,"h":101},
	"rotated": false,
	"trimmed": false,
	"spriteSourceSize": {"x":0,"y":0,"w":100,"h":101},
	"sourceSize": {"w":100,"h":101}
},
"boost_anim0002":
{
	"frame": {"x":1173,"y":1363,"w":100,"h":101},
	"rotated": false,
	"trimmed": false,
	"spriteSourceSize": {"x":0,"y":0,"w":100,"h":101},
	"sourceSize": {"w":100,"h":101}
},
"boost_anim0003":
{
	"frame": {"x":1173,"y":1363,"w":100,"h":101},
	"rotated": false,
	"trimmed": false,
	"spriteSourceSize": {"x":0,"y":0,"w":100,"h":101},
	"sourceSize": {"w":100,"h":101}
},
"boost_anim0004":
{
	"frame": {"x":2,"y":1412,"w":100,"h":101},
	"rotated": false,
	"trimmed": false,
	"spriteSourceSize": {"x":0,"y":0,"w":100,"h":101},
	"sourceSize": {"w":100,"h":101}
},
"boost_anim0005":
{
	"frame": {"x":2,"y":1412,"w":100,"h":101},
	"rotated": false,
	"trimmed": false,
	"spriteSourceSize": {"x":0,"y":0,"w":100,"h":101},
	"sourceSize": {"w":100,"h":101}
},
"boost_anim0006":
{
	"frame": {"x":104,"y":1422,"w":100,"h":101},
	"rotated": false,
	"trimmed": false,
	"spriteSourceSize": {"x":0,"y":0,"w":100,"h":101},
	"sourceSize": {"w":100,"h":101}
},
"boost_anim0007":
{
	"frame": {"x":104,"y":1422,"w":100,"h":101},
	"rotated": false,
	"trimmed": false,
	"spriteSourceSize": {"x":0,"y":0,"w":100,"h":101},
	"sourceSize": {"w":100,"h":101}
},
"boost_anim0008":
{
	"frame": {"x":206,"y":1422,"w":100,"h":101},
	"rotated": false,
	"trimmed": false,
	"spriteSourceSize": {"x":0,"y":0,"w":100,"h":101},
	"sourceSize": {"w":100,"h":101}
},
"boost_anim0009":
{
	"frame": {"x":206,"y":1422,"w":100,"h":101},
	"rotated": false,
	"trimmed": false,
	"spriteSourceSize": {"x":0,"y":0,"w":100,"h":101},
	"sourceSize": {"w":100,"h":101}
},
"finish0000":
{
	"frame": {"x":1275,"y":1399,"w":64,"h":64},
	"rotated": false,
	"trimmed": false,
	"spriteSourceSize": {"x":0,"y":0,"w":64,"h":64},
	"sourceSize": {"w":64,"h":64}
},
"geyser_anim0000":
{
	"frame": {"x":2024,"y":333,"w":12,"h":112},
	"rotated": false,
	"trimmed": false,
	"spriteSourceSize": {"x":0,"y":0,"w":12,"h":112},
	"sourceSize": {"w":12,"h":112}
},
"geyser_anim0001":
{
	"frame": {"x":2024,"y":333,"w":12,"h":112},
	"rotated": false,
	"trimmed": false,
	"spriteSourceSize": {"x":0,"y":0,"w":12,"h":112},
	"sourceSize": {"w":12,"h":112}
},
"geyser_anim0002":
{
	"frame": {"x":1517,"y":516,"w":12,"h":112},
	"rotated": false,
	"trimmed": false,
	"spriteSourceSize": {"x":0,"y":0,"w":12,"h":112},
	"sourceSize": {"w":12,"h":112}
},
"geyser_anim0003":
{
	"frame": {"x":1517,"y":516,"w":12,"h":112},
	"rotated": false,
	"trimmed": false,
	"spriteSourceSize": {"x":0,"y":0,"w":12,"h":112},
	"sourceSize": {"w":12,"h":112}
},
"geyser_anim0004":
{
	"frame": {"x":1780,"y":710,"w":12,"h":112},
	"rotated": false,
	"trimmed": false,
	"spriteSourceSize": {"x":0,"y":0,"w":12,"h":112},
	"sourceSize": {"w":12,"h":112}
},
"geyser_anim0005":
{
	"frame": {"x":1780,"y":710,"w":12,"h":112},
	"rotated": false,
	"trimmed": false,
	"spriteSourceSize": {"x":0,"y":0,"w":12,"h":112},
	"sourceSize": {"w":12,"h":112}
},
"glass_explode_anim0000":
{
	"frame": {"x":1938,"y":406,"w":76,"h":38},
	"rotated": false,
	"trimmed": false,
	"spriteSourceSize": {"x":0,"y":0,"w":76,"h":38},
	"sourceSize": {"w":76,"h":38}
},
"glass_explode_anim0001":
{
	"frame": {"x":1938,"y":406,"w":76,"h":38},
	"rotated": false,
	"trimmed": false,
	"spriteSourceSize": {"x":0,"y":0,"w":76,"h":38},
	"sourceSize": {"w":76,"h":38}
},
"glass_explode_anim0002":
{
	"frame": {"x":1022,"y":1466,"w":76,"h":38},
	"rotated": false,
	"trimmed": false,
	"spriteSourceSize": {"x":0,"y":0,"w":76,"h":38},
	"sourceSize": {"w":76,"h":38}
},
"glass_explode_anim0003":
{
	"frame": {"x":1022,"y":1466,"w":76,"h":38},
	"rotated": false,
	"trimmed": false,
	"spriteSourceSize": {"x":0,"y":0,"w":76,"h":38},
	"sourceSize": {"w":76,"h":38}
},
"glass_explode_anim0004":
{
	"frame": {"x":1100,"y":1466,"w":76,"h":38},
	"rotated": false,
	"trimmed": false,
	"spriteSourceSize": {"x":0,"y":0,"w":76,"h":38},
	"sourceSize": {"w":76,"h":38}
},
"glass_explode_anim0005":
{
	"frame": {"x":1100,"y":1466,"w":76,"h":38},
	"rotated": false,
	"trimmed": false,
	"spriteSourceSize": {"x":0,"y":0,"w":76,"h":38},
	"sourceSize": {"w":76,"h":38}
},
"ground_part_anim0000":
{
	"frame": {"x":210,"y":1246,"w":14,"h":14},
	"rotated": false,
	"trimmed": false,
	"spriteSourceSize": {"x":0,"y":0,"w":14,"h":14},
	"sourceSize": {"w":14,"h":14}
},
"ground_part_anim0001":
{
	"frame": {"x":210,"y":1246,"w":14,"h":14},
	"rotated": false,
	"trimmed": false,
	"spriteSourceSize": {"x":0,"y":0,"w":14,"h":14},
	"sourceSize": {"w":14,"h":14}
},
"ground_part_anim0002":
{
	"frame": {"x":210,"y":1262,"w":14,"h":14},
	"rotated": false,
	"trimmed": false,
	"spriteSourceSize": {"x":0,"y":0,"w":14,"h":14},
	"sourceSize": {"w":14,"h":14}
},
"ground_part_anim0003":
{
	"frame": {"x":210,"y":1262,"w":14,"h":14},
	"rotated": false,
	"trimmed": false,
	"spriteSourceSize": {"x":0,"y":0,"w":14,"h":14},
	"sourceSize": {"w":14,"h":14}
},
"ground_part_anim0004":
{
	"frame": {"x":538,"y":1422,"w":14,"h":14},
	"rotated": false,
	"trimmed": false,
	"spriteSourceSize": {"x":0,"y":0,"w":14,"h":14},
	"sourceSize": {"w":14,"h":14}
},
"ground_part_anim0005":
{
	"frame": {"x":538,"y":1422,"w":14,"h":14},
	"rotated": false,
	"trimmed": false,
	"spriteSourceSize": {"x":0,"y":0,"w":14,"h":14},
	"sourceSize": {"w":14,"h":14}
},
"ground_part_anim0006":
{
	"frame": {"x":538,"y":1438,"w":14,"h":14},
	"rotated": false,
	"trimmed": false,
	"spriteSourceSize": {"x":0,"y":0,"w":14,"h":14},
	"sourceSize": {"w":14,"h":14}
},
"ground_part_anim0007":
{
	"frame": {"x":538,"y":1438,"w":14,"h":14},
	"rotated": false,
	"trimmed": false,
	"spriteSourceSize": {"x":0,"y":0,"w":14,"h":14},
	"sourceSize": {"w":14,"h":14}
},
"ground_part_anim0008":
{
	"frame": {"x":1790,"y":1497,"w":14,"h":14},
	"rotated": false,
	"trimmed": false,
	"spriteSourceSize": {"x":0,"y":0,"w":14,"h":14},
	"sourceSize": {"w":14,"h":14}
},
"ground_part_anim0009":
{
	"frame": {"x":1790,"y":1497,"w":14,"h":14},
	"rotated": false,
	"trimmed": false,
	"spriteSourceSize": {"x":0,"y":0,"w":14,"h":14},
	"sourceSize": {"w":14,"h":14}
},
"ground_part_anim0010":
{
	"frame": {"x":1214,"y":1502,"w":14,"h":14},
	"rotated": false,
	"trimmed": false,
	"spriteSourceSize": {"x":0,"y":0,"w":14,"h":14},
	"sourceSize": {"w":14,"h":14}
},
"ground_part_anim0011":
{
	"frame": {"x":1214,"y":1502,"w":14,"h":14},
	"rotated": false,
	"trimmed": false,
	"spriteSourceSize": {"x":0,"y":0,"w":14,"h":14},
	"sourceSize": {"w":14,"h":14}
},
"ground_part_anim0012":
{
	"frame": {"x":1230,"y":1502,"w":14,"h":14},
	"rotated": false,
	"trimmed": false,
	"spriteSourceSize": {"x":0,"y":0,"w":14,"h":14},
	"sourceSize": {"w":14,"h":14}
},
"ground_part_anim0013":
{
	"frame": {"x":1230,"y":1502,"w":14,"h":14},
	"rotated": false,
	"trimmed": false,
	"spriteSourceSize": {"x":0,"y":0,"w":14,"h":14},
	"sourceSize": {"w":14,"h":14}
},
"ground_part_anim0014":
{
	"frame": {"x":1246,"y":1502,"w":14,"h":14},
	"rotated": false,
	"trimmed": false,
	"spriteSourceSize": {"x":0,"y":0,"w":14,"h":14},
	"sourceSize": {"w":14,"h":14}
},
"ground_part_anim0015":
{
	"frame": {"x":1246,"y":1502,"w":14,"h":14},
	"rotated": false,
	"trimmed": false,
	"spriteSourceSize": {"x":0,"y":0,"w":14,"h":14},
	"sourceSize": {"w":14,"h":14}
},
"ground_part_anim0016":
{
	"frame": {"x":1262,"y":1502,"w":14,"h":14},
	"rotated": false,
	"trimmed": false,
	"spriteSourceSize": {"x":0,"y":0,"w":14,"h":14},
	"sourceSize": {"w":14,"h":14}
},
"ground_part_anim0017":
{
	"frame": {"x":1262,"y":1502,"w":14,"h":14},
	"rotated": false,
	"trimmed": false,
	"spriteSourceSize": {"x":0,"y":0,"w":14,"h":14},
	"sourceSize": {"w":14,"h":14}
},
"ground_part_anim0018":
{
	"frame": {"x":1278,"y":1502,"w":14,"h":14},
	"rotated": false,
	"trimmed": false,
	"spriteSourceSize": {"x":0,"y":0,"w":14,"h":14},
	"sourceSize": {"w":14,"h":14}
},
"ground_part_anim0019":
{
	"frame": {"x":1278,"y":1502,"w":14,"h":14},
	"rotated": false,
	"trimmed": false,
	"spriteSourceSize": {"x":0,"y":0,"w":14,"h":14},
	"sourceSize": {"w":14,"h":14}
},
"ground_part_anim0020":
{
	"frame": {"x":614,"y":1503,"w":14,"h":14},
	"rotated": false,
	"trimmed": false,
	"spriteSourceSize": {"x":0,"y":0,"w":14,"h":14},
	"sourceSize": {"w":14,"h":14}
},
"ground_part_anim0021":
{
	"frame": {"x":614,"y":1503,"w":14,"h":14},
	"rotated": false,
	"trimmed": false,
	"spriteSourceSize": {"x":0,"y":0,"w":14,"h":14},
	"sourceSize": {"w":14,"h":14}
},
"ground_part_anim0022":
{
	"frame": {"x":630,"y":1503,"w":14,"h":14},
	"rotated": false,
	"trimmed": false,
	"spriteSourceSize": {"x":0,"y":0,"w":14,"h":14},
	"sourceSize": {"w":14,"h":14}
},
"ground_part_anim0023":
{
	"frame": {"x":630,"y":1503,"w":14,"h":14},
	"rotated": false,
	"trimmed": false,
	"spriteSourceSize": {"x":0,"y":0,"w":14,"h":14},
	"sourceSize": {"w":14,"h":14}
},
"ground_part_anim0024":
{
	"frame": {"x":646,"y":1503,"w":14,"h":14},
	"rotated": false,
	"trimmed": false,
	"spriteSourceSize": {"x":0,"y":0,"w":14,"h":14},
	"sourceSize": {"w":14,"h":14}
},
"ground_part_anim0025":
{
	"frame": {"x":646,"y":1503,"w":14,"h":14},
	"rotated": false,
	"trimmed": false,
	"spriteSourceSize": {"x":0,"y":0,"w":14,"h":14},
	"sourceSize": {"w":14,"h":14}
},
"hell_rider_head0000":
{
	"frame": {"x":1071,"y":1293,"w":68,"h":68},
	"rotated": false,
	"trimmed": false,
	"spriteSourceSize": {"x":0,"y":0,"w":68,"h":68},
	"sourceSize": {"w":68,"h":68}
},
"hell_rider_head0001":
{
	"frame": {"x":1071,"y":1293,"w":68,"h":68},
	"rotated": false,
	"trimmed": false,
	"spriteSourceSize": {"x":0,"y":0,"w":68,"h":68},
	"sourceSize": {"w":68,"h":68}
},
"hell_rider_head0002":
{
	"frame": {"x":1071,"y":1293,"w":68,"h":68},
	"rotated": false,
	"trimmed": false,
	"spriteSourceSize": {"x":0,"y":0,"w":68,"h":68},
	"sourceSize": {"w":68,"h":68}
},
"hell_rider_head0003":
{
	"frame": {"x":1071,"y":1293,"w":68,"h":68},
	"rotated": false,
	"trimmed": false,
	"spriteSourceSize": {"x":0,"y":0,"w":68,"h":68},
	"sourceSize": {"w":68,"h":68}
},
"hell_rider_head0004":
{
	"frame": {"x":1071,"y":1293,"w":68,"h":68},
	"rotated": false,
	"trimmed": false,
	"spriteSourceSize": {"x":0,"y":0,"w":68,"h":68},
	"sourceSize": {"w":68,"h":68}
},
"hell_rider_head0005":
{
	"frame": {"x":1071,"y":1293,"w":68,"h":68},
	"rotated": false,
	"trimmed": false,
	"spriteSourceSize": {"x":0,"y":0,"w":68,"h":68},
	"sourceSize": {"w":68,"h":68}
},
"hell_rider_head0006":
{
	"frame": {"x":1071,"y":1293,"w":68,"h":68},
	"rotated": false,
	"trimmed": false,
	"spriteSourceSize": {"x":0,"y":0,"w":68,"h":68},
	"sourceSize": {"w":68,"h":68}
},
"hell_rider_head0007":
{
	"frame": {"x":1071,"y":1293,"w":68,"h":68},
	"rotated": false,
	"trimmed": false,
	"spriteSourceSize": {"x":0,"y":0,"w":68,"h":68},
	"sourceSize": {"w":68,"h":68}
},
"hell_rider_head0008":
{
	"frame": {"x":1071,"y":1293,"w":68,"h":68},
	"rotated": false,
	"trimmed": false,
	"spriteSourceSize": {"x":0,"y":0,"w":68,"h":68},
	"sourceSize": {"w":68,"h":68}
},
"hell_rider_head0009":
{
	"frame": {"x":1071,"y":1293,"w":68,"h":68},
	"rotated": false,
	"trimmed": false,
	"spriteSourceSize": {"x":0,"y":0,"w":68,"h":68},
	"sourceSize": {"w":68,"h":68}
},
"hell_rider_head0010":
{
	"frame": {"x":1071,"y":1293,"w":68,"h":68},
	"rotated": false,
	"trimmed": false,
	"spriteSourceSize": {"x":0,"y":0,"w":68,"h":68},
	"sourceSize": {"w":68,"h":68}
},
"hell_rider_head0011":
{
	"frame": {"x":1071,"y":1293,"w":68,"h":68},
	"rotated": false,
	"trimmed": false,
	"spriteSourceSize": {"x":0,"y":0,"w":68,"h":68},
	"sourceSize": {"w":68,"h":68}
},
"hell_rider_head0012":
{
	"frame": {"x":1071,"y":1293,"w":68,"h":68},
	"rotated": false,
	"trimmed": false,
	"spriteSourceSize": {"x":0,"y":0,"w":68,"h":68},
	"sourceSize": {"w":68,"h":68}
},
"hell_rider_head0013":
{
	"frame": {"x":1071,"y":1293,"w":68,"h":68},
	"rotated": false,
	"trimmed": false,
	"spriteSourceSize": {"x":0,"y":0,"w":68,"h":68},
	"sourceSize": {"w":68,"h":68}
},
"hell_rider_head0014":
{
	"frame": {"x":1071,"y":1293,"w":68,"h":68},
	"rotated": false,
	"trimmed": false,
	"spriteSourceSize": {"x":0,"y":0,"w":68,"h":68},
	"sourceSize": {"w":68,"h":68}
},
"hell_rider_head0015":
{
	"frame": {"x":1071,"y":1293,"w":68,"h":68},
	"rotated": false,
	"trimmed": false,
	"spriteSourceSize": {"x":0,"y":0,"w":68,"h":68},
	"sourceSize": {"w":68,"h":68}
},
"hell_rider_head0016":
{
	"frame": {"x":1071,"y":1293,"w":68,"h":68},
	"rotated": false,
	"trimmed": false,
	"spriteSourceSize": {"x":0,"y":0,"w":68,"h":68},
	"sourceSize": {"w":68,"h":68}
},
"hell_rider_head0017":
{
	"frame": {"x":1071,"y":1293,"w":68,"h":68},
	"rotated": false,
	"trimmed": false,
	"spriteSourceSize": {"x":0,"y":0,"w":68,"h":68},
	"sourceSize": {"w":68,"h":68}
},
"hell_rider_head0018":
{
	"frame": {"x":1071,"y":1293,"w":68,"h":68},
	"rotated": false,
	"trimmed": false,
	"spriteSourceSize": {"x":0,"y":0,"w":68,"h":68},
	"sourceSize": {"w":68,"h":68}
},
"hell_rider_head0019":
{
	"frame": {"x":1071,"y":1293,"w":68,"h":68},
	"rotated": false,
	"trimmed": false,
	"spriteSourceSize": {"x":0,"y":0,"w":68,"h":68},
	"sourceSize": {"w":68,"h":68}
},
"line0000":
{
	"frame": {"x":1308,"y":1465,"w":30,"h":64},
	"rotated": false,
	"trimmed": false,
	"spriteSourceSize": {"x":0,"y":0,"w":30,"h":64},
	"sourceSize": {"w":30,"h":64}
},
"line_alum0000":
{
	"frame": {"x":334,"y":755,"w":64,"h":14},
	"rotated": false,
	"trimmed": false,
	"spriteSourceSize": {"x":0,"y":0,"w":64,"h":14},
	"sourceSize": {"w":64,"h":14}
},
"line_metal_g0000":
{
	"frame": {"x":614,"y":1459,"w":128,"h":42},
	"rotated": false,
	"trimmed": false,
	"spriteSourceSize": {"x":0,"y":0,"w":128,"h":42},
	"sourceSize": {"w":128,"h":42}
},
"line_red_pool0000":
{
	"frame": {"x":411,"y":748,"w":16,"h":16},
	"rotated": false,
	"trimmed": false,
	"spriteSourceSize": {"x":0,"y":0,"w":16,"h":16},
	"sourceSize": {"w":16,"h":16}
},
"line_shape_bg0000":
{
	"frame": {"x":1343,"y":1202,"w":16,"h":16},
	"rotated": false,
	"trimmed": false,
	"spriteSourceSize": {"x":0,"y":0,"w":16,"h":16},
	"sourceSize": {"w":16,"h":16}
},
"line_spike0000":
{
	"frame": {"x":408,"y":1422,"w":128,"h":64},
	"rotated": false,
	"trimmed": false,
	"spriteSourceSize": {"x":0,"y":0,"w":128,"h":64},
	"sourceSize": {"w":128,"h":64}
},
"line_stone_shape0000":
{
	"frame": {"x":411,"y":730,"w":16,"h":16},
	"rotated": false,
	"trimmed": false,
	"spriteSourceSize": {"x":0,"y":0,"w":16,"h":16},
	"sourceSize": {"w":16,"h":16}
},
"line_tube_blick0000":
{
	"frame": {"x":411,"y":678,"w":16,"h":32},
	"rotated": false,
	"trimmed": false,
	"spriteSourceSize": {"x":0,"y":0,"w":16,"h":32},
	"sourceSize": {"w":16,"h":32}
},
"line_tube_bot0000":
{
	"frame": {"x":1923,"y":1397,"w":32,"h":32},
	"rotated": false,
	"trimmed": false,
	"spriteSourceSize": {"x":0,"y":0,"w":32,"h":32},
	"sourceSize": {"w":32,"h":32}
},
"line_tube_top0000":
{
	"frame": {"x":496,"y":1488,"w":32,"h":32},
	"rotated": false,
	"trimmed": false,
	"spriteSourceSize": {"x":0,"y":0,"w":32,"h":32},
	"sourceSize": {"w":32,"h":32}
},
"line_wood0000":
{
	"frame": {"x":1178,"y":1466,"w":128,"h":20},
	"rotated": false,
	"trimmed": false,
	"spriteSourceSize": {"x":0,"y":0,"w":128,"h":20},
	"sourceSize": {"w":128,"h":20}
},
"line_wood_g0000":
{
	"frame": {"x":1817,"y":1437,"w":128,"h":44},
	"rotated": false,
	"trimmed": false,
	"spriteSourceSize": {"x":0,"y":0,"w":128,"h":44},
	"sourceSize": {"w":128,"h":44}
},
"line_wood_pather_pool0000":
{
	"frame": {"x":1756,"y":1497,"w":32,"h":16},
	"rotated": false,
	"trimmed": false,
	"spriteSourceSize": {"x":0,"y":0,"w":32,"h":16},
	"sourceSize": {"w":32,"h":16}
},
"particle_boost0000":
{
	"frame": {"x":1829,"y":1213,"w":69,"h":9},
	"rotated": false,
	"trimmed": false,
	"spriteSourceSize": {"x":0,"y":0,"w":69,"h":9},
	"sourceSize": {"w":69,"h":9}
},
"smoke_part_anim0000":
{
	"frame": {"x":1511,"y":683,"w":19,"h":19},
	"rotated": false,
	"trimmed": false,
	"spriteSourceSize": {"x":0,"y":0,"w":19,"h":19},
	"sourceSize": {"w":19,"h":19}
},
"smoke_part_anim0001":
{
	"frame": {"x":1780,"y":824,"w":19,"h":19},
	"rotated": false,
	"trimmed": false,
	"spriteSourceSize": {"x":0,"y":0,"w":19,"h":19},
	"sourceSize": {"w":19,"h":19}
},
"smoke_part_anim0002":
{
	"frame": {"x":1780,"y":845,"w":19,"h":19},
	"rotated": false,
	"trimmed": false,
	"spriteSourceSize": {"x":0,"y":0,"w":19,"h":19},
	"sourceSize": {"w":19,"h":19}
},
"smoke_part_anim0003":
{
	"frame": {"x":1780,"y":866,"w":19,"h":19},
	"rotated": false,
	"trimmed": false,
	"spriteSourceSize": {"x":0,"y":0,"w":19,"h":19},
	"sourceSize": {"w":19,"h":19}
},
"smoke_part_anim0004":
{
	"frame": {"x":1780,"y":887,"w":19,"h":19},
	"rotated": false,
	"trimmed": false,
	"spriteSourceSize": {"x":0,"y":0,"w":19,"h":19},
	"sourceSize": {"w":19,"h":19}
},
"smoke_part_anim0005":
{
	"frame": {"x":1780,"y":908,"w":19,"h":19},
	"rotated": false,
	"trimmed": false,
	"spriteSourceSize": {"x":0,"y":0,"w":19,"h":19},
	"sourceSize": {"w":19,"h":19}
},
"smoke_part_anim0006":
{
	"frame": {"x":1780,"y":929,"w":19,"h":19},
	"rotated": false,
	"trimmed": false,
	"spriteSourceSize": {"x":0,"y":0,"w":19,"h":19},
	"sourceSize": {"w":19,"h":19}
},
"smoke_part_anim0007":
{
	"frame": {"x":1343,"y":1034,"w":19,"h":19},
	"rotated": false,
	"trimmed": false,
	"spriteSourceSize": {"x":0,"y":0,"w":19,"h":19},
	"sourceSize": {"w":19,"h":19}
},
"smoke_part_anim0008":
{
	"frame": {"x":1343,"y":1055,"w":19,"h":19},
	"rotated": false,
	"trimmed": false,
	"spriteSourceSize": {"x":0,"y":0,"w":19,"h":19},
	"sourceSize": {"w":19,"h":19}
},
"smoke_part_anim0009":
{
	"frame": {"x":1343,"y":1076,"w":19,"h":19},
	"rotated": false,
	"trimmed": false,
	"spriteSourceSize": {"x":0,"y":0,"w":19,"h":19},
	"sourceSize": {"w":19,"h":19}
},
"smoke_part_anim0010":
{
	"frame": {"x":1343,"y":1097,"w":19,"h":19},
	"rotated": false,
	"trimmed": false,
	"spriteSourceSize": {"x":0,"y":0,"w":19,"h":19},
	"sourceSize": {"w":19,"h":19}
},
"smoke_part_anim0011":
{
	"frame": {"x":1343,"y":1118,"w":19,"h":19},
	"rotated": false,
	"trimmed": false,
	"spriteSourceSize": {"x":0,"y":0,"w":19,"h":19},
	"sourceSize": {"w":19,"h":19}
},
"smoke_part_anim0012":
{
	"frame": {"x":1343,"y":1139,"w":19,"h":19},
	"rotated": false,
	"trimmed": false,
	"spriteSourceSize": {"x":0,"y":0,"w":19,"h":19},
	"sourceSize": {"w":19,"h":19}
},
"smoke_part_anim0013":
{
	"frame": {"x":1343,"y":1160,"w":19,"h":19},
	"rotated": false,
	"trimmed": false,
	"spriteSourceSize": {"x":0,"y":0,"w":19,"h":19},
	"sourceSize": {"w":19,"h":19}
},
"smoke_part_anim0014":
{
	"frame": {"x":1343,"y":1181,"w":19,"h":19},
	"rotated": false,
	"trimmed": false,
	"spriteSourceSize": {"x":0,"y":0,"w":19,"h":19},
	"sourceSize": {"w":19,"h":19}
},
"tile0000":
{
	"frame": {"x":2,"y":2,"w":512,"h":512},
	"rotated": false,
	"trimmed": false,
	"spriteSourceSize": {"x":0,"y":0,"w":512,"h":512},
	"sourceSize": {"w":512,"h":512}
},
"tile_bg0000":
{
	"frame": {"x":516,"y":2,"w":512,"h":512},
	"rotated": false,
	"trimmed": false,
	"spriteSourceSize": {"x":0,"y":0,"w":512,"h":512},
	"sourceSize": {"w":512,"h":512}
},
"tile_red_pool0000":
{
	"frame": {"x":1142,"y":1233,"w":128,"h":128},
	"rotated": false,
	"trimmed": false,
	"spriteSourceSize": {"x":0,"y":0,"w":128,"h":128},
	"sourceSize": {"w":128,"h":128}
},
"tile_saw0000":
{
	"frame": {"x":431,"y":516,"w":256,"h":256},
	"rotated": false,
	"trimmed": false,
	"spriteSourceSize": {"x":0,"y":0,"w":256,"h":256},
	"sourceSize": {"w":256,"h":256}
},
"tile_shape_bg0000":
{
	"frame": {"x":436,"y":1292,"w":128,"h":128},
	"rotated": false,
	"trimmed": false,
	"spriteSourceSize": {"x":0,"y":0,"w":128,"h":128},
	"sourceSize": {"w":128,"h":128}
},
"tile_stone0000":
{
	"frame": {"x":306,"y":1292,"w":128,"h":128},
	"rotated": false,
	"trimmed": false,
	"spriteSourceSize": {"x":0,"y":0,"w":128,"h":128},
	"sourceSize": {"w":128,"h":128}
},
"tile_water_bg0000":
{
	"frame": {"x":1030,"y":2,"w":512,"h":512},
	"rotated": false,
	"trimmed": false,
	"spriteSourceSize": {"x":0,"y":0,"w":512,"h":512},
	"sourceSize": {"w":512,"h":512}
}},
"meta": {
	"app": "Adobe Flash Professional",
	"version": "15.0.1.179",
	"image": "theme0.png",
	"format": "RGBA8888",
	"size": {"w":2048,"h":2048},
	"scale": "1"
}
}
